<?xml version="1.0" encoding="UTF-8"?>
<project-private xmlns="http://www.netbeans.org/ns/project-private/1">
    <editor-bookmarks xmlns="http://www.netbeans.org/ns/editor-bookmarks/2" lastBookmarkId="0"/>
    <open-files xmlns="http://www.netbeans.org/ns/projectui-open-files/2">
        <group>
            <file>file:/C:/Users/Lenovo/Documents/NetBeansProjects/Hierarchy/src/hierarchy/Student.java</file>
            <file>file:/C:/Users/Lenovo/Documents/NetBeansProjects/Hierarchy/src/hierarchy/Graduate.java</file>
            <file>file:/C:/Users/Lenovo/Documents/NetBeansProjects/Hierarchy/src/hierarchy/MasterDegree.java</file>
            <file>file:/C:/Users/Lenovo/Documents/NetBeansProjects/Hierarchy/src/hierarchy/Faculty.java</file>
            <file>file:/C:/Users/Lenovo/Documents/NetBeansProjects/Hierarchy/src/hierarchy/Staff.java</file>
            <file>file:/C:/Users/Lenovo/Documents/NetBeansProjects/Hierarchy/src/hierarchy/NonDegree.java</file>
            <file>file:/C:/Users/Lenovo/Documents/NetBeansProjects/Hierarchy/src/hierarchy/Undergraduate.java</file>
            <file>file:/C:/Users/Lenovo/Documents/NetBeansProjects/Hierarchy/src/hierarchy/PhD.java</file>
            <file>file:/C:/Users/Lenovo/Documents/NetBeansProjects/Hierarchy/src/hierarchy/Person.java</file>
            <file>file:/C:/Users/Lenovo/Documents/NetBeansProjects/Hierarchy/src/hierarchy/Employee.java</file>
            <file>file:/C:/Users/Lenovo/Documents/NetBeansProjects/Hierarchy/src/hierarchy/Main.java</file>
        </group>
    </open-files>
</project-private>
